<?xml version="1.0" encoding="utf-8"?>
<repository increment="1469100014000" name="Local" xmlns="http://www.osgi.org/xmlns/repository/v1.0.0">
  <resource>
    <capability namespace="osgi.identity">
      <attribute name="osgi.identity" value="com.fasterxml.jackson.core.jackson-annotations"/>
      <attribute name="type" value="osgi.bundle"/>
      <attribute name="version" type="Version" value="2.8.1"/>
    </capability>
    <capability namespace="osgi.content">
      <attribute name="osgi.content" value="7b787e9cee8e921a2a0a7b0c82ef3d597d19fb571e460b15c156a70f427e63ac"/>
      <attribute name="url" value="com.fasterxml.jackson.core.jackson-annotations/com.fasterxml.jackson.core.jackson-annotations-2.8.1.jar"/>
      <attribute name="size" type="Long" value="55783"/>
      <attribute name="mime" value="application/vnd.osgi.bundle"/>
    </capability>
    <capability namespace="osgi.wiring.bundle">
      <attribute name="osgi.wiring.bundle" value="com.fasterxml.jackson.core.jackson-annotations"/>
      <attribute name="bundle-version" type="Version" value="2.8.1"/>
    </capability>
    <capability namespace="osgi.wiring.host">
      <attribute name="osgi.wiring.host" value="com.fasterxml.jackson.core.jackson-annotations"/>
      <attribute name="bundle-version" type="Version" value="2.8.1"/>
    </capability>
    <capability namespace="osgi.wiring.package">
      <attribute name="osgi.wiring.package" value="com.fasterxml.jackson.annotation"/>
      <attribute name="version" type="Version" value="2.8.1"/>
      <attribute name="bundle-symbolic-name" value="com.fasterxml.jackson.core.jackson-annotations"/>
      <attribute name="bundle-version" type="Version" value="2.8.1"/>
    </capability>
    <requirement namespace="osgi.ee">
      <directive name="filter" value="(&amp;(osgi.ee=JavaSE)(version=1.6))"/>
    </requirement>
  </resource>
  <resource>
    <capability namespace="osgi.identity">
      <attribute name="osgi.identity" value="com.fasterxml.jackson.core.jackson-core"/>
      <attribute name="type" value="osgi.bundle"/>
      <attribute name="version" type="Version" value="2.8.1"/>
    </capability>
    <capability namespace="osgi.content">
      <attribute name="osgi.content" value="f0b5493ad3fe59a54d50aaf20cc414eb893cbed045d30e4b81925fcb4ced8e22"/>
      <attribute name="url" value="com.fasterxml.jackson.core.jackson-core/com.fasterxml.jackson.core.jackson-core-2.8.1.jar"/>
      <attribute name="size" type="Long" value="280014"/>
      <attribute name="mime" value="application/vnd.osgi.bundle"/>
    </capability>
    <capability namespace="osgi.wiring.bundle">
      <attribute name="osgi.wiring.bundle" value="com.fasterxml.jackson.core.jackson-core"/>
      <attribute name="bundle-version" type="Version" value="2.8.1"/>
    </capability>
    <capability namespace="osgi.wiring.host">
      <attribute name="osgi.wiring.host" value="com.fasterxml.jackson.core.jackson-core"/>
      <attribute name="bundle-version" type="Version" value="2.8.1"/>
    </capability>
    <capability namespace="osgi.wiring.package">
      <attribute name="osgi.wiring.package" value="com.fasterxml.jackson.core"/>
      <attribute name="version" type="Version" value="2.8.1"/>
      <attribute name="bundle-symbolic-name" value="com.fasterxml.jackson.core.jackson-core"/>
      <attribute name="bundle-version" type="Version" value="2.8.1"/>
    </capability>
    <capability namespace="osgi.wiring.package">
      <attribute name="osgi.wiring.package" value="com.fasterxml.jackson.core.base"/>
      <attribute name="version" type="Version" value="2.8.1"/>
      <attribute name="bundle-symbolic-name" value="com.fasterxml.jackson.core.jackson-core"/>
      <attribute name="bundle-version" type="Version" value="2.8.1"/>
    </capability>
    <capability namespace="osgi.wiring.package">
      <attribute name="osgi.wiring.package" value="com.fasterxml.jackson.core.filter"/>
      <attribute name="version" type="Version" value="2.8.1"/>
      <attribute name="bundle-symbolic-name" value="com.fasterxml.jackson.core.jackson-core"/>
      <attribute name="bundle-version" type="Version" value="2.8.1"/>
    </capability>
    <capability namespace="osgi.wiring.package">
      <attribute name="osgi.wiring.package" value="com.fasterxml.jackson.core.format"/>
      <attribute name="version" type="Version" value="2.8.1"/>
      <attribute name="bundle-symbolic-name" value="com.fasterxml.jackson.core.jackson-core"/>
      <attribute name="bundle-version" type="Version" value="2.8.1"/>
    </capability>
    <capability namespace="osgi.wiring.package">
      <attribute name="osgi.wiring.package" value="com.fasterxml.jackson.core.io"/>
      <attribute name="version" type="Version" value="2.8.1"/>
      <attribute name="bundle-symbolic-name" value="com.fasterxml.jackson.core.jackson-core"/>
      <attribute name="bundle-version" type="Version" value="2.8.1"/>
    </capability>
    <capability namespace="osgi.wiring.package">
      <attribute name="osgi.wiring.package" value="com.fasterxml.jackson.core.json"/>
      <attribute name="version" type="Version" value="2.8.1"/>
      <attribute name="bundle-symbolic-name" value="com.fasterxml.jackson.core.jackson-core"/>
      <attribute name="bundle-version" type="Version" value="2.8.1"/>
    </capability>
    <capability namespace="osgi.wiring.package">
      <attribute name="osgi.wiring.package" value="com.fasterxml.jackson.core.sym"/>
      <attribute name="version" type="Version" value="2.8.1"/>
      <attribute name="bundle-symbolic-name" value="com.fasterxml.jackson.core.jackson-core"/>
      <attribute name="bundle-version" type="Version" value="2.8.1"/>
    </capability>
    <capability namespace="osgi.wiring.package">
      <attribute name="osgi.wiring.package" value="com.fasterxml.jackson.core.type"/>
      <attribute name="version" type="Version" value="2.8.1"/>
      <attribute name="bundle-symbolic-name" value="com.fasterxml.jackson.core.jackson-core"/>
      <attribute name="bundle-version" type="Version" value="2.8.1"/>
    </capability>
    <capability namespace="osgi.wiring.package">
      <attribute name="osgi.wiring.package" value="com.fasterxml.jackson.core.util"/>
      <attribute name="version" type="Version" value="2.8.1"/>
      <attribute name="bundle-symbolic-name" value="com.fasterxml.jackson.core.jackson-core"/>
      <attribute name="bundle-version" type="Version" value="2.8.1"/>
    </capability>
    <requirement namespace="osgi.ee">
      <directive name="filter" value="(&amp;(osgi.ee=JavaSE)(version=1.6))"/>
    </requirement>
  </resource>
  <resource>
    <capability namespace="osgi.identity">
      <attribute name="osgi.identity" value="com.fasterxml.jackson.core.jackson-databind"/>
      <attribute name="type" value="osgi.bundle"/>
      <attribute name="version" type="Version" value="2.8.1"/>
    </capability>
    <capability namespace="osgi.content">
      <attribute name="osgi.content" value="0bbf7a039135fefee20d6205bef4f72a42eed5713a144acfb32d422ec450cc9d"/>
      <attribute name="url" value="com.fasterxml.jackson.core.jackson-databind/com.fasterxml.jackson.core.jackson-databind-2.8.1.jar"/>
      <attribute name="size" type="Long" value="1230290"/>
      <attribute name="mime" value="application/vnd.osgi.bundle"/>
    </capability>
    <capability namespace="osgi.wiring.bundle">
      <attribute name="osgi.wiring.bundle" value="com.fasterxml.jackson.core.jackson-databind"/>
      <attribute name="bundle-version" type="Version" value="2.8.1"/>
    </capability>
    <capability namespace="osgi.wiring.host">
      <attribute name="osgi.wiring.host" value="com.fasterxml.jackson.core.jackson-databind"/>
      <attribute name="bundle-version" type="Version" value="2.8.1"/>
    </capability>
    <capability namespace="osgi.wiring.package">
      <attribute name="osgi.wiring.package" value="com.fasterxml.jackson.databind"/>
      <attribute name="version" type="Version" value="2.8.1"/>
      <attribute name="bundle-symbolic-name" value="com.fasterxml.jackson.core.jackson-databind"/>
      <attribute name="bundle-version" type="Version" value="2.8.1"/>
    </capability>
    <capability namespace="osgi.wiring.package">
      <attribute name="osgi.wiring.package" value="com.fasterxml.jackson.databind.annotation"/>
      <attribute name="version" type="Version" value="2.8.1"/>
      <attribute name="bundle-symbolic-name" value="com.fasterxml.jackson.core.jackson-databind"/>
      <attribute name="bundle-version" type="Version" value="2.8.1"/>
    </capability>
    <capability namespace="osgi.wiring.package">
      <attribute name="osgi.wiring.package" value="com.fasterxml.jackson.databind.cfg"/>
      <attribute name="version" type="Version" value="2.8.1"/>
      <attribute name="bundle-symbolic-name" value="com.fasterxml.jackson.core.jackson-databind"/>
      <attribute name="bundle-version" type="Version" value="2.8.1"/>
    </capability>
    <capability namespace="osgi.wiring.package">
      <attribute name="osgi.wiring.package" value="com.fasterxml.jackson.databind.deser"/>
      <attribute name="version" type="Version" value="2.8.1"/>
      <attribute name="bundle-symbolic-name" value="com.fasterxml.jackson.core.jackson-databind"/>
      <attribute name="bundle-version" type="Version" value="2.8.1"/>
    </capability>
    <capability namespace="osgi.wiring.package">
      <attribute name="osgi.wiring.package" value="com.fasterxml.jackson.databind.deser.impl"/>
      <attribute name="version" type="Version" value="2.8.1"/>
      <attribute name="bundle-symbolic-name" value="com.fasterxml.jackson.core.jackson-databind"/>
      <attribute name="bundle-version" type="Version" value="2.8.1"/>
    </capability>
    <capability namespace="osgi.wiring.package">
      <attribute name="osgi.wiring.package" value="com.fasterxml.jackson.databind.deser.std"/>
      <attribute name="version" type="Version" value="2.8.1"/>
      <attribute name="bundle-symbolic-name" value="com.fasterxml.jackson.core.jackson-databind"/>
      <attribute name="bundle-version" type="Version" value="2.8.1"/>
    </capability>
    <capability namespace="osgi.wiring.package">
      <attribute name="osgi.wiring.package" value="com.fasterxml.jackson.databind.exc"/>
      <attribute name="version" type="Version" value="2.8.1"/>
      <attribute name="bundle-symbolic-name" value="com.fasterxml.jackson.core.jackson-databind"/>
      <attribute name="bundle-version" type="Version" value="2.8.1"/>
    </capability>
    <capability namespace="osgi.wiring.package">
      <attribute name="osgi.wiring.package" value="com.fasterxml.jackson.databind.ext"/>
      <attribute name="version" type="Version" value="2.8.1"/>
      <attribute name="bundle-symbolic-name" value="com.fasterxml.jackson.core.jackson-databind"/>
      <attribute name="bundle-version" type="Version" value="2.8.1"/>
    </capability>
    <capability namespace="osgi.wiring.package">
      <attribute name="osgi.wiring.package" value="com.fasterxml.jackson.databind.introspect"/>
      <attribute name="version" type="Version" value="2.8.1"/>
      <attribute name="bundle-symbolic-name" value="com.fasterxml.jackson.core.jackson-databind"/>
      <attribute name="bundle-version" type="Version" value="2.8.1"/>
    </capability>
    <capability namespace="osgi.wiring.package">
      <attribute name="osgi.wiring.package" value="com.fasterxml.jackson.databind.jsonFormatVisitors"/>
      <attribute name="version" type="Version" value="2.8.1"/>
      <attribute name="bundle-symbolic-name" value="com.fasterxml.jackson.core.jackson-databind"/>
      <attribute name="bundle-version" type="Version" value="2.8.1"/>
    </capability>
    <capability namespace="osgi.wiring.package">
      <attribute name="osgi.wiring.package" value="com.fasterxml.jackson.databind.jsonschema"/>
      <attribute name="version" type="Version" value="2.8.1"/>
      <attribute name="bundle-symbolic-name" value="com.fasterxml.jackson.core.jackson-databind"/>
      <attribute name="bundle-version" type="Version" value="2.8.1"/>
    </capability>
    <capability namespace="osgi.wiring.package">
      <attribute name="osgi.wiring.package" value="com.fasterxml.jackson.databind.jsontype"/>
      <attribute name="version" type="Version" value="2.8.1"/>
      <attribute name="bundle-symbolic-name" value="com.fasterxml.jackson.core.jackson-databind"/>
      <attribute name="bundle-version" type="Version" value="2.8.1"/>
    </capability>
    <capability namespace="osgi.wiring.package">
      <attribute name="osgi.wiring.package" value="com.fasterxml.jackson.databind.jsontype.impl"/>
      <attribute name="version" type="Version" value="2.8.1"/>
      <attribute name="bundle-symbolic-name" value="com.fasterxml.jackson.core.jackson-databind"/>
      <attribute name="bundle-version" type="Version" value="2.8.1"/>
    </capability>
    <capability namespace="osgi.wiring.package">
      <attribute name="osgi.wiring.package" value="com.fasterxml.jackson.databind.module"/>
      <attribute name="version" type="Version" value="2.8.1"/>
      <attribute name="bundle-symbolic-name" value="com.fasterxml.jackson.core.jackson-databind"/>
      <attribute name="bundle-version" type="Version" value="2.8.1"/>
    </capability>
    <capability namespace="osgi.wiring.package">
      <attribute name="osgi.wiring.package" value="com.fasterxml.jackson.databind.node"/>
      <attribute name="version" type="Version" value="2.8.1"/>
      <attribute name="bundle-symbolic-name" value="com.fasterxml.jackson.core.jackson-databind"/>
      <attribute name="bundle-version" type="Version" value="2.8.1"/>
    </capability>
    <capability namespace="osgi.wiring.package">
      <attribute name="osgi.wiring.package" value="com.fasterxml.jackson.databind.ser"/>
      <attribute name="version" type="Version" value="2.8.1"/>
      <attribute name="bundle-symbolic-name" value="com.fasterxml.jackson.core.jackson-databind"/>
      <attribute name="bundle-version" type="Version" value="2.8.1"/>
    </capability>
    <capability namespace="osgi.wiring.package">
      <attribute name="osgi.wiring.package" value="com.fasterxml.jackson.databind.ser.impl"/>
      <attribute name="version" type="Version" value="2.8.1"/>
      <attribute name="bundle-symbolic-name" value="com.fasterxml.jackson.core.jackson-databind"/>
      <attribute name="bundle-version" type="Version" value="2.8.1"/>
    </capability>
    <capability namespace="osgi.wiring.package">
      <attribute name="osgi.wiring.package" value="com.fasterxml.jackson.databind.ser.std"/>
      <attribute name="version" type="Version" value="2.8.1"/>
      <attribute name="bundle-symbolic-name" value="com.fasterxml.jackson.core.jackson-databind"/>
      <attribute name="bundle-version" type="Version" value="2.8.1"/>
    </capability>
    <capability namespace="osgi.wiring.package">
      <attribute name="osgi.wiring.package" value="com.fasterxml.jackson.databind.type"/>
      <attribute name="version" type="Version" value="2.8.1"/>
      <attribute name="bundle-symbolic-name" value="com.fasterxml.jackson.core.jackson-databind"/>
      <attribute name="bundle-version" type="Version" value="2.8.1"/>
    </capability>
    <capability namespace="osgi.wiring.package">
      <attribute name="osgi.wiring.package" value="com.fasterxml.jackson.databind.util"/>
      <attribute name="version" type="Version" value="2.8.1"/>
      <attribute name="bundle-symbolic-name" value="com.fasterxml.jackson.core.jackson-databind"/>
      <attribute name="bundle-version" type="Version" value="2.8.1"/>
    </capability>
    <requirement namespace="osgi.wiring.package">
      <directive name="filter" value="(&amp;(osgi.wiring.package=com.fasterxml.jackson.annotation)(version&gt;=2.8.0)(!(version&gt;=3.0.0)))"/>
    </requirement>
    <requirement namespace="osgi.wiring.package">
      <directive name="filter" value="(&amp;(osgi.wiring.package=com.fasterxml.jackson.core)(version&gt;=2.8.0)(!(version&gt;=3.0.0)))"/>
    </requirement>
    <requirement namespace="osgi.wiring.package">
      <directive name="filter" value="(&amp;(osgi.wiring.package=com.fasterxml.jackson.core.base)(version&gt;=2.8.0)(!(version&gt;=3.0.0)))"/>
    </requirement>
    <requirement namespace="osgi.wiring.package">
      <directive name="filter" value="(&amp;(osgi.wiring.package=com.fasterxml.jackson.core.filter)(version&gt;=2.8.0)(!(version&gt;=3.0.0)))"/>
    </requirement>
    <requirement namespace="osgi.wiring.package">
      <directive name="filter" value="(&amp;(osgi.wiring.package=com.fasterxml.jackson.core.format)(version&gt;=2.8.0)(!(version&gt;=3.0.0)))"/>
    </requirement>
    <requirement namespace="osgi.wiring.package">
      <directive name="filter" value="(&amp;(osgi.wiring.package=com.fasterxml.jackson.core.io)(version&gt;=2.8.0)(!(version&gt;=3.0.0)))"/>
    </requirement>
    <requirement namespace="osgi.wiring.package">
      <directive name="filter" value="(&amp;(osgi.wiring.package=com.fasterxml.jackson.core.json)(version&gt;=2.8.0)(!(version&gt;=3.0.0)))"/>
    </requirement>
    <requirement namespace="osgi.wiring.package">
      <directive name="filter" value="(&amp;(osgi.wiring.package=com.fasterxml.jackson.core.type)(version&gt;=2.8.0)(!(version&gt;=3.0.0)))"/>
    </requirement>
    <requirement namespace="osgi.wiring.package">
      <directive name="filter" value="(&amp;(osgi.wiring.package=com.fasterxml.jackson.core.util)(version&gt;=2.8.0)(!(version&gt;=3.0.0)))"/>
    </requirement>
    <requirement namespace="osgi.wiring.package">
      <directive name="filter" value="(&amp;(osgi.wiring.package=com.fasterxml.jackson.databind)(version&gt;=2.8.0)(!(version&gt;=3.0.0)))"/>
    </requirement>
    <requirement namespace="osgi.wiring.package">
      <directive name="filter" value="(&amp;(osgi.wiring.package=com.fasterxml.jackson.databind.annotation)(version&gt;=2.8.0)(!(version&gt;=3.0.0)))"/>
    </requirement>
    <requirement namespace="osgi.wiring.package">
      <directive name="filter" value="(&amp;(osgi.wiring.package=com.fasterxml.jackson.databind.cfg)(version&gt;=2.8.0)(!(version&gt;=3.0.0)))"/>
    </requirement>
    <requirement namespace="osgi.wiring.package">
      <directive name="filter" value="(&amp;(osgi.wiring.package=com.fasterxml.jackson.databind.deser)(version&gt;=2.8.0)(!(version&gt;=3.0.0)))"/>
    </requirement>
    <requirement namespace="osgi.wiring.package">
      <directive name="filter" value="(&amp;(osgi.wiring.package=com.fasterxml.jackson.databind.deser.impl)(version&gt;=2.8.0)(!(version&gt;=3.0.0)))"/>
    </requirement>
    <requirement namespace="osgi.wiring.package">
      <directive name="filter" value="(&amp;(osgi.wiring.package=com.fasterxml.jackson.databind.deser.std)(version&gt;=2.8.0)(!(version&gt;=3.0.0)))"/>
    </requirement>
    <requirement namespace="osgi.wiring.package">
      <directive name="filter" value="(&amp;(osgi.wiring.package=com.fasterxml.jackson.databind.exc)(version&gt;=2.8.0)(!(version&gt;=3.0.0)))"/>
    </requirement>
    <requirement namespace="osgi.wiring.package">
      <directive name="filter" value="(&amp;(osgi.wiring.package=com.fasterxml.jackson.databind.ext)(version&gt;=2.8.0)(!(version&gt;=3.0.0)))"/>
    </requirement>
    <requirement namespace="osgi.wiring.package">
      <directive name="filter" value="(&amp;(osgi.wiring.package=com.fasterxml.jackson.databind.introspect)(version&gt;=2.8.0)(!(version&gt;=3.0.0)))"/>
    </requirement>
    <requirement namespace="osgi.wiring.package">
      <directive name="filter" value="(&amp;(osgi.wiring.package=com.fasterxml.jackson.databind.jsonFormatVisitors)(version&gt;=2.8.0)(!(version&gt;=3.0.0)))"/>
    </requirement>
    <requirement namespace="osgi.wiring.package">
      <directive name="filter" value="(&amp;(osgi.wiring.package=com.fasterxml.jackson.databind.jsonschema)(version&gt;=2.8.0)(!(version&gt;=3.0.0)))"/>
    </requirement>
    <requirement namespace="osgi.wiring.package">
      <directive name="filter" value="(&amp;(osgi.wiring.package=com.fasterxml.jackson.databind.jsontype)(version&gt;=2.8.0)(!(version&gt;=3.0.0)))"/>
    </requirement>
    <requirement namespace="osgi.wiring.package">
      <directive name="filter" value="(&amp;(osgi.wiring.package=com.fasterxml.jackson.databind.jsontype.impl)(version&gt;=2.8.0)(!(version&gt;=3.0.0)))"/>
    </requirement>
    <requirement namespace="osgi.wiring.package">
      <directive name="filter" value="(&amp;(osgi.wiring.package=com.fasterxml.jackson.databind.node)(version&gt;=2.8.0)(!(version&gt;=3.0.0)))"/>
    </requirement>
    <requirement namespace="osgi.wiring.package">
      <directive name="filter" value="(&amp;(osgi.wiring.package=com.fasterxml.jackson.databind.ser)(version&gt;=2.8.0)(!(version&gt;=3.0.0)))"/>
    </requirement>
    <requirement namespace="osgi.wiring.package">
      <directive name="filter" value="(&amp;(osgi.wiring.package=com.fasterxml.jackson.databind.ser.impl)(version&gt;=2.8.0)(!(version&gt;=3.0.0)))"/>
    </requirement>
    <requirement namespace="osgi.wiring.package">
      <directive name="filter" value="(&amp;(osgi.wiring.package=com.fasterxml.jackson.databind.ser.std)(version&gt;=2.8.0)(!(version&gt;=3.0.0)))"/>
    </requirement>
    <requirement namespace="osgi.wiring.package">
      <directive name="filter" value="(&amp;(osgi.wiring.package=com.fasterxml.jackson.databind.type)(version&gt;=2.8.0)(!(version&gt;=3.0.0)))"/>
    </requirement>
    <requirement namespace="osgi.wiring.package">
      <directive name="filter" value="(&amp;(osgi.wiring.package=com.fasterxml.jackson.databind.util)(version&gt;=2.8.0)(!(version&gt;=3.0.0)))"/>
    </requirement>
    <requirement namespace="osgi.wiring.package">
      <directive name="filter" value="(osgi.wiring.package=javax.xml.datatype)"/>
    </requirement>
    <requirement namespace="osgi.wiring.package">
      <directive name="filter" value="(osgi.wiring.package=javax.xml.namespace)"/>
    </requirement>
    <requirement namespace="osgi.wiring.package">
      <directive name="filter" value="(osgi.wiring.package=javax.xml.parsers)"/>
    </requirement>
    <requirement namespace="osgi.wiring.package">
      <directive name="filter" value="(osgi.wiring.package=org.w3c.dom)"/>
    </requirement>
    <requirement namespace="osgi.wiring.package">
      <directive name="filter" value="(osgi.wiring.package=org.w3c.dom.bootstrap)"/>
    </requirement>
    <requirement namespace="osgi.wiring.package">
      <directive name="filter" value="(osgi.wiring.package=org.w3c.dom.ls)"/>
    </requirement>
    <requirement namespace="osgi.wiring.package">
      <directive name="filter" value="(osgi.wiring.package=org.xml.sax)"/>
    </requirement>
    <requirement namespace="osgi.ee">
      <directive name="filter" value="(&amp;(osgi.ee=JavaSE)(version=1.7))"/>
    </requirement>
  </resource>
</repository>