{
  "pid": 12345,
  "systemTime": 1448287845,
  "timeSinceStartup": 488652,
  "configurationChecksum": "2e2c14b6e3562ddfd73111847d7a9d8277993ff7",
  "uuid": "d13d7ee3-fcca-4f81-9bf5-bb5848b5d96d",
  "gateways": {
    "ipv4": [
      {
        "selected": false,
        "selectable": true,
        "originator": "10.31.175.25",
        "prefix": "0.0.0.0",
        "prefixLen": 0,
        "uplink": 100,
        "downlink": 100,
        "cost": 0.099609,
        "IPv4": true,
        "IPv4-NAT": true,
        "IPv6": false,
        "expireTime": 5156,
        "cleanupTime": 0,
        "pathcost": 0.099609,
        "hops": 0
      },
      {
        "selected": false,
        "selectable": true,
        "originator": "10.31.175.39",
        "prefix": "0.0.0.0",
        "prefixLen": 0,
        "uplink": 100,
        "downlink": 100,
        "cost": 0.099609,
        "IPv4": true,
        "IPv4-NAT": true,
        "IPv6": false,
        "expireTime": 5156,
        "cleanupTime": 0,
        "pathcost": 0.099609,
        "hops": 0
      },
      {
        "selected": false,
        "selectable": true,
        "originator": "10.31.175.101",
        "prefix": "0.0.0.0",
        "prefixLen": 0,
        "uplink": 50000,
        "downlink": 50000,
        "cost": 0.099609,
        "IPv4": true,
        "IPv4-NAT": true,
        "IPv6": false,
        "expireTime": 5156,
        "cleanupTime": 0,
        "pathcost": 0.099609,
        "hops": 0
      },
      {
        "selected": false,
        "selectable": true,
        "originator": "10.31.175.161",
        "prefix": "0.0.0.0",
        "prefixLen": 0,
        "uplink": 260,
        "downlink": 1300,
        "cost": 0.099609,
        "IPv4": true,
        "IPv4-NAT": true,
        "IPv6": false,
        "expireTime": 270982,
        "cleanupTime": 0,
        "pathcost": 0.099609,
        "hops": 0
      },
      {
        "selected": true,
        "selectable": true,
        "originator": "10.31.175.221",
        "prefix": "0.0.0.0",
        "prefixLen": 0,
        "uplink": 100,
        "downlink": 100,
        "cost": 0.099609,
        "IPv4": true,
        "IPv4-NAT": true,
        "IPv6": false,
        "expireTime": 12891,
        "cleanupTime": 0,
        "pathcost": 0.099609,
        "hops": 1
      },
      {
        "selected": false,
        "selectable": true,
        "originator": "10.31.175.222",
        "prefix": "0.0.0.0",
        "prefixLen": 0,
        "uplink": 100,
        "downlink": 100,
        "cost": 0.099609,
        "IPv4": true,
        "IPv4-NAT": true,
        "IPv6": false,
        "expireTime": 12841,
        "cleanupTime": 0,
        "pathcost": 0.099609,
        "hops": 1
      },
      {
        "selected": false,
        "selectable": true,
        "originator": "10.31.175.250",
        "prefix": "0.0.0.0",
        "prefixLen": 0,
        "uplink": 100,
        "downlink": 100,
        "cost": 0.099609,
        "IPv4": true,
        "IPv4-NAT": true,
        "IPv6": false,
        "expireTime": 5156,
        "cleanupTime": 0,
        "pathcost": 0.099609,
        "hops": 0
      },
      {
        "selected": false,
        "selectable": true,
        "originator": "10.31.175.251",
        "prefix": "0.0.0.0",
        "prefixLen": 0,
        "uplink": 100,
        "downlink": 100,
        "cost": 0.099609,
        "IPv4": true,
        "IPv4-NAT": true,
        "IPv6": false,
        "expireTime": 5156,
        "cleanupTime": 0,
        "pathcost": 0.099609,
        "hops": 0
      }
    ],
    "ipv6": [
    ]
  }
}