{
  "pid": 12345,
  "systemTime": 1448289299,
  "timeSinceStartup": 1942439,
  "configurationChecksum": "2e2c14b6e3562ddfd73111847d7a9d8277993ff7",
  "uuid": "d13d7ee3-fcca-4f81-9bf5-bb5848b5d96d",
  "hna": [
    {
      "gateway": "10.31.175.220",
      "destination": "0.0.0.0",
      "genmask": 0,
      "validityTime": 0
    },
    {
      "gateway": "10.31.175.220",
      "destination": "10.175.220.0",
      "genmask": 24,
      "validityTime": 0
    },
    {
      "gateway": "10.31.175.221",
      "destination": "10.175.221.0",
      "genmask": 24,
      "validityTime": 14293
    },
    {
      "gateway": "10.31.175.222",
      "destination": "10.175.222.0",
      "genmask": 24,
      "validityTime": 9664
    },
    {
      "gateway": "10.31.175.161",
      "destination": "10.175.161.0",
      "genmask": 24,
      "validityTime": 250713
    }
  ]
}