{
  "pid": 12345,
  "systemTime": 1448289142,
  "timeSinceStartup": 1785701,
  "configurationChecksum": "2e2c14b6e3562ddfd73111847d7a9d8277993ff7",
  "uuid": "d13d7ee3-fcca-4f81-9bf5-bb5848b5d96d",
  "neighbors": [
    {
      "ipAddress": "10.31.175.221",
      "symmetric": true,
      "willingness": 3,
      "isMultiPointRelay": false,
      "wasMultiPointRelay": false,
      "multiPointRelaySelector": false,
      "skip": false,
      "neighbor2nocov": 0,
      "linkcount": 1,
      "twoHopNeighborCount": 1
    },
    {
      "ipAddress": "10.31.175.181",
      "symmetric": false,
      "willingness": 3,
      "isMultiPointRelay": false,
      "wasMultiPointRelay": false,
      "multiPointRelaySelector": false,
      "skip": false,
      "neighbor2nocov": 0,
      "linkcount": 1,
      "twoHopNeighborCount": 25
    },
    {
      "ipAddress": "10.31.175.222",
      "symmetric": true,
      "willingness": 3,
      "isMultiPointRelay": false,
      "wasMultiPointRelay": false,
      "multiPointRelaySelector": false,
      "skip": false,
      "neighbor2nocov": 0,
      "linkcount": 1,
      "twoHopNeighborCount": 1
    }
  ],
  "links": [
    {
      "localIP": "10.31.175.220",
      "remoteIP": "10.31.175.221",
      "olsrInterface": "wlan0",
      "ifName": "wlan0",
      "validityTime": 38269,
      "symmetryTime": 19444,
      "asymmetryTime": 291476,
      "vtime": 20000,
      "currentLinkStatus": "SYMMETRIC",
      "previousLinkStatus": "SYMMETRIC",
      "hysteresis": 0.000000,
      "pending": false,
      "lostLinkTime": 0,
      "helloTime": 0,
      "lastHelloTime": 0,
      "seqnoValid": false,
      "seqno": 0,
      "lossHelloInterval": 2000,
      "lossTime": 2444,
      "lossMultiplier": 65536,
      "linkCost": 0.099609,
      "linkQuality": 1.000000,
      "neighborLinkQuality": 1.000000
    },
    {
      "localIP": "10.31.175.220",
      "remoteIP": "10.31.175.222",
      "olsrInterface": "wlan0",
      "ifName": "wlan0",
      "validityTime": 37115,
      "symmetryTime": 19038,
      "asymmetryTime": 291070,
      "vtime": 20000,
      "currentLinkStatus": "SYMMETRIC",
      "previousLinkStatus": "SYMMETRIC",
      "hysteresis": 0.000000,
      "pending": false,
      "lostLinkTime": 0,
      "helloTime": 0,
      "lastHelloTime": 0,
      "seqnoValid": false,
      "seqno": 0,
      "lossHelloInterval": 2000,
      "lossTime": 2038,
      "lossMultiplier": 65536,
      "linkCost": 0.099609,
      "linkQuality": 1.000000,
      "neighborLinkQuality": 1.000000
    },
    {
      "localIP": "10.31.175.220",
      "remoteIP": "10.31.175.181",
      "olsrInterface": "wlan0",
      "ifName": "wlan0",
      "validityTime": 31930,
      "symmetryTime": 12570,
      "asymmetryTime": 284602,
      "vtime": 20000,
      "currentLinkStatus": "SYMMETRIC",
      "previousLinkStatus": "SYMMETRIC",
      "hysteresis": 0.000000,
      "pending": false,
      "lostLinkTime": 0,
      "helloTime": 0,
      "lastHelloTime": 0,
      "seqnoValid": false,
      "seqno": 0,
      "lossHelloInterval": 2000,
      "lossTime": 1596,
      "lossMultiplier": 65536,
      "linkCost": 0.099609,
      "linkQuality": 0.294000,
      "neighborLinkQuality": 0.000000
    },
    {
      "localIP": "10.31.175.220",
      "remoteIP": "10.31.175.189",
      "olsrInterface": "wlan0",
      "ifName": "wlan0",
      "validityTime": 5850,
      "symmetryTime": 0,
      "asymmetryTime": 278671,
      "vtime": 20000,
      "currentLinkStatus": "ASYMMETRIC",
      "previousLinkStatus": "UNSPECIFIED",
      "hysteresis": 0.000000,
      "pending": false,
      "lostLinkTime": 0,
      "helloTime": 0,
      "lastHelloTime": 0,
      "seqnoValid": false,
      "seqno": 0,
      "lossHelloInterval": 2000,
      "lossTime": 1696,
      "lossMultiplier": 65536,
      "linkCost": 0.099609,
      "linkQuality": 0.000000,
      "neighborLinkQuality": 0.000000
    }
  ]
}