{
  "pid": 12345,
  "systemTime": 1448287383,
  "timeSinceStartup": 26205,
  "configurationChecksum": "2e2c14b6e3562ddfd73111847d7a9d8277993ff7",
  "uuid": "d13d7ee3-fcca-4f81-9bf5-bb5848b5d96d",
  "sgw": {
    "egress": [
      {
        "selected": true,
        "name": "eth1",
        "ifIndex": 3,
        "tableNr": 91,
        "ruleNr": 91,
        "bypassRuleNr": 80,
        "upPrevious": true,
        "upCurrent": true,
        "upChanged": false,
        "bwPrevious": {
          "requireNetwork": true,
          "requireGateway": true,
          "egressUk": 10000,
          "egressDk": 10000,
          "pathCost": 1.000000,
          "network": "10.16.4.0",
          "networkLength": 24,
          "gateway": "10.16.4.250",
          "networkSet": true,
          "gatewaySet": true,
          "costs": 0.099609
        },
        "bwCurrent": {
          "requireNetwork": true,
          "requireGateway": true,
          "egressUk": 10000,
          "egressDk": 10000,
          "pathCost": 1.000000,
          "network": "10.16.4.0",
          "networkLength": 24,
          "gateway": "10.16.4.250",
          "networkSet": true,
          "gatewaySet": true,
          "costs": 0.099609
        },
        "bwCostsChanged": false,
        "bwNetworkChanged": false,
        "bwGatewayChanged": false,
        "bwChanged": false,
        "networkRouteCurrent": {
          "active": true,
          "family": 2,
          "rtTable": 91,
          "flags": 0,
          "scope": 253,
          "ifIndex": 3,
          "metric": 0,
          "protocol": 4,
          "srcSet": false,
          "gwSet": false,
          "dstSet": true,
          "delSimilar": false,
          "blackhole": false,
          "srcStore": "0.0.0.0",
          "gwStore": "0.0.0.0",
          "dstStore": "10.16.4.0",
          "dstStoreLength": 24
        },
        "egressRouteCurrent": {
          "active": true,
          "family": 2,
          "rtTable": 91,
          "flags": 0,
          "scope": 0,
          "ifIndex": 3,
          "metric": 0,
          "protocol": 4,
          "srcSet": false,
          "gwSet": true,
          "dstSet": true,
          "delSimilar": false,
          "blackhole": false,
          "srcStore": "0.0.0.0",
          "gwStore": "10.16.4.250",
          "dstStore": "0.0.0.0",
          "dstStoreLength": 0
        },
        "inEgressFile": true
      },
      {
        "selected": false,
        "name": "eth2",
        "ifIndex": 6,
        "tableNr": 92,
        "ruleNr": 92,
        "bypassRuleNr": 81,
        "upPrevious": false,
        "upCurrent": false,
        "upChanged": false,
        "bwPrevious": {
          "requireNetwork": true,
          "requireGateway": true,
          "egressUk": 0,
          "egressDk": 0,
          "pathCost": 1.000000,
          "network": "0.0.0.0",
          "networkLength": 0,
          "gateway": "0.0.0.0",
          "networkSet": false,
          "gatewaySet": false,
          "costs": 0.099609
        },
        "bwCurrent": {
          "requireNetwork": true,
          "requireGateway": true,
          "egressUk": 0,
          "egressDk": 0,
          "pathCost": 1.000000,
          "network": "0.0.0.0",
          "networkLength": 0,
          "gateway": "0.0.0.0",
          "networkSet": false,
          "gatewaySet": false,
          "costs": 0.099609
        },
        "bwCostsChanged": false,
        "bwNetworkChanged": false,
        "bwGatewayChanged": false,
        "bwChanged": false,
        "networkRouteCurrent": {
          "active": false,
          "family": 0,
          "rtTable": 0,
          "flags": 0,
          "scope": 0,
          "ifIndex": 0,
          "metric": 0,
          "protocol": 0,
          "srcSet": false,
          "gwSet": false,
          "dstSet": false,
          "delSimilar": false,
          "blackhole": false,
          "srcStore": "0.0.0.0",
          "gwStore": "0.0.0.0",
          "dstStore": "0.0.0.0",
          "dstStoreLength": 0
        },
        "egressRouteCurrent": {
          "active": false,
          "family": 0,
          "rtTable": 0,
          "flags": 0,
          "scope": 0,
          "ifIndex": 0,
          "metric": 0,
          "protocol": 0,
          "srcSet": false,
          "gwSet": false,
          "dstSet": false,
          "delSimilar": false,
          "blackhole": false,
          "srcStore": "0.0.0.0",
          "gwStore": "0.0.0.0",
          "dstStore": "0.0.0.0",
          "dstStoreLength": 0
        },
        "inEgressFile": true
      },
      {
        "selected": false,
        "name": "usb0",
        "ifIndex": 0,
        "tableNr": 93,
        "ruleNr": 93,
        "bypassRuleNr": 82,
        "upPrevious": false,
        "upCurrent": false,
        "upChanged": false,
        "bwPrevious": {
          "requireNetwork": true,
          "requireGateway": true,
          "egressUk": 0,
          "egressDk": 0,
          "pathCost": 1.000000,
          "network": "0.0.0.0",
          "networkLength": 0,
          "gateway": "0.0.0.0",
          "networkSet": false,
          "gatewaySet": false,
          "costs": 0.099609
        },
        "bwCurrent": {
          "requireNetwork": true,
          "requireGateway": true,
          "egressUk": 0,
          "egressDk": 0,
          "pathCost": 1.000000,
          "network": "0.0.0.0",
          "networkLength": 0,
          "gateway": "0.0.0.0",
          "networkSet": false,
          "gatewaySet": false,
          "costs": 0.099609
        },
        "bwCostsChanged": false,
        "bwNetworkChanged": false,
        "bwGatewayChanged": false,
        "bwChanged": false,
        "networkRouteCurrent": {
          "active": false,
          "family": 0,
          "rtTable": 0,
          "flags": 0,
          "scope": 0,
          "ifIndex": 0,
          "metric": 0,
          "protocol": 0,
          "srcSet": false,
          "gwSet": false,
          "dstSet": false,
          "delSimilar": false,
          "blackhole": false,
          "srcStore": "0.0.0.0",
          "gwStore": "0.0.0.0",
          "dstStore": "0.0.0.0",
          "dstStoreLength": 0
        },
        "egressRouteCurrent": {
          "active": false,
          "family": 0,
          "rtTable": 0,
          "flags": 0,
          "scope": 0,
          "ifIndex": 0,
          "metric": 0,
          "protocol": 0,
          "srcSet": false,
          "gwSet": false,
          "dstSet": false,
          "delSimilar": false,
          "blackhole": false,
          "srcStore": "0.0.0.0",
          "gwStore": "0.0.0.0",
          "dstStore": "0.0.0.0",
          "dstStoreLength": 0
        },
        "inEgressFile": true
      },
      {
        "selected": false,
        "name": "wwan0",
        "ifIndex": 0,
        "tableNr": 94,
        "ruleNr": 94,
        "bypassRuleNr": 83,
        "upPrevious": false,
        "upCurrent": false,
        "upChanged": false,
        "bwPrevious": {
          "requireNetwork": true,
          "requireGateway": true,
          "egressUk": 0,
          "egressDk": 0,
          "pathCost": 1.000000,
          "network": "0.0.0.0",
          "networkLength": 0,
          "gateway": "0.0.0.0",
          "networkSet": false,
          "gatewaySet": false,
          "costs": 0.099609
        },
        "bwCurrent": {
          "requireNetwork": true,
          "requireGateway": true,
          "egressUk": 0,
          "egressDk": 0,
          "pathCost": 1.000000,
          "network": "0.0.0.0",
          "networkLength": 0,
          "gateway": "0.0.0.0",
          "networkSet": false,
          "gatewaySet": false,
          "costs": 0.099609
        },
        "bwCostsChanged": false,
        "bwNetworkChanged": false,
        "bwGatewayChanged": false,
        "bwChanged": false,
        "networkRouteCurrent": {
          "active": false,
          "family": 0,
          "rtTable": 0,
          "flags": 0,
          "scope": 0,
          "ifIndex": 0,
          "metric": 0,
          "protocol": 0,
          "srcSet": false,
          "gwSet": false,
          "dstSet": false,
          "delSimilar": false,
          "blackhole": false,
          "srcStore": "0.0.0.0",
          "gwStore": "0.0.0.0",
          "dstStore": "0.0.0.0",
          "dstStoreLength": 0
        },
        "egressRouteCurrent": {
          "active": false,
          "family": 0,
          "rtTable": 0,
          "flags": 0,
          "scope": 0,
          "ifIndex": 0,
          "metric": 0,
          "protocol": 0,
          "srcSet": false,
          "gwSet": false,
          "dstSet": false,
          "delSimilar": false,
          "blackhole": false,
          "srcStore": "0.0.0.0",
          "gwStore": "0.0.0.0",
          "dstStore": "0.0.0.0",
          "dstStoreLength": 0
        },
        "inEgressFile": true
      },
      {
        "selected": false,
        "name": "ppp0",
        "ifIndex": 0,
        "tableNr": 95,
        "ruleNr": 95,
        "bypassRuleNr": 84,
        "upPrevious": false,
        "upCurrent": false,
        "upChanged": false,
        "bwPrevious": {
          "requireNetwork": false,
          "requireGateway": false,
          "egressUk": 0,
          "egressDk": 0,
          "pathCost": 1.000000,
          "network": "0.0.0.0",
          "networkLength": 0,
          "gateway": "0.0.0.0",
          "networkSet": false,
          "gatewaySet": false,
          "costs": 0.099609
        },
        "bwCurrent": {
          "requireNetwork": false,
          "requireGateway": false,
          "egressUk": 0,
          "egressDk": 0,
          "pathCost": 1.000000,
          "network": "0.0.0.0",
          "networkLength": 0,
          "gateway": "0.0.0.0",
          "networkSet": false,
          "gatewaySet": false,
          "costs": 0.099609
        },
        "bwCostsChanged": false,
        "bwNetworkChanged": false,
        "bwGatewayChanged": false,
        "bwChanged": false,
        "networkRouteCurrent": {
          "active": false,
          "family": 0,
          "rtTable": 0,
          "flags": 0,
          "scope": 0,
          "ifIndex": 0,
          "metric": 0,
          "protocol": 0,
          "srcSet": false,
          "gwSet": false,
          "dstSet": false,
          "delSimilar": false,
          "blackhole": false,
          "srcStore": "0.0.0.0",
          "gwStore": "0.0.0.0",
          "dstStore": "0.0.0.0",
          "dstStoreLength": 0
        },
        "egressRouteCurrent": {
          "active": false,
          "family": 0,
          "rtTable": 0,
          "flags": 0,
          "scope": 0,
          "ifIndex": 0,
          "metric": 0,
          "protocol": 0,
          "srcSet": false,
          "gwSet": false,
          "dstSet": false,
          "delSimilar": false,
          "blackhole": false,
          "srcStore": "0.0.0.0",
          "gwStore": "0.0.0.0",
          "dstStore": "0.0.0.0",
          "dstStoreLength": 0
        },
        "inEgressFile": true
      }
    ],
    "ipv4": [
      {
        "selected": false,
        "selectable": true,
        "originator": "10.31.175.222",
        "prefix": "0.0.0.0",
        "prefixLen": 0,
        "uplink": 10000,
        "downlink": 10000,
        "cost": 0.099609,
        "IPv4": true,
        "IPv4-NAT": true,
        "IPv6": false,
        "expireTime": 14950,
        "cleanupTime": 0,
        "pathcost": 0.099609,
        "hops": 1,
        "destination": "10.31.175.222",
        "tunnel": "tnl_4096",
        "tableNr": 96,
        "ruleNr": 96,
        "bypassRuleNr": 0
      },
      {
        "selected": true,
        "selectable": true,
        "originator": "10.31.175.221",
        "prefix": "0.0.0.0",
        "prefixLen": 0,
        "uplink": 10000,
        "downlink": 10000,
        "cost": 0.099609,
        "IPv4": true,
        "IPv4-NAT": true,
        "IPv6": false,
        "expireTime": 11793,
        "cleanupTime": 0,
        "pathcost": 0.099609,
        "hops": 1,
        "destination": "10.31.175.221",
        "tunnel": "tnl_4097",
        "tableNr": 97,
        "ruleNr": 97,
        "bypassRuleNr": 0
      }
    ],
    "ipv6": [
    ]
  }
}
