{
  "pid": 12345,
  "systemTime": 1448289337,
  "timeSinceStartup": 1980699,
  "configurationChecksum": "2e2c14b6e3562ddfd73111847d7a9d8277993ff7",
  "uuid": "d13d7ee3-fcca-4f81-9bf5-bb5848b5d96d",
  "topology": [
    {
      "lastHopIP": "10.31.175.220",
      "pathCost": 0.000000,
      "validityTime": 0,
      "refCount": 4,
      "msgSeq": 0,
      "msgHops": 0,
      "hops": 0,
      "ansn": 0,
      "tcIgnored": 0,
      "errSeq": 0,
      "errSeqValid": false,
      "destinationIP": "10.31.175.221",
      "tcEdgeCost": 1.000000,
      "ansnEdge": 0,
      "linkQuality": 1.000000,
      "neighborLinkQuality": 1.000000
    },
    {
      "lastHopIP": "10.31.175.220",
      "pathCost": 0.000000,
      "validityTime": 0,
      "refCount": 4,
      "msgSeq": 0,
      "msgHops": 0,
      "hops": 0,
      "ansn": 0,
      "tcIgnored": 0,
      "errSeq": 0,
      "errSeqValid": false,
      "destinationIP": "10.31.175.222",
      "tcEdgeCost": 1.000000,
      "ansnEdge": 0,
      "linkQuality": 1.000000,
      "neighborLinkQuality": 0.894000
    },
    {
      "lastHopIP": "10.31.175.221",
      "pathCost": 1.000000,
      "validityTime": 29107,
      "refCount": 6,
      "msgSeq": 42962,
      "msgHops": 0,
      "hops": 1,
      "ansn": 14131,
      "tcIgnored": 0,
      "errSeq": 0,
      "errSeqValid": false,
      "destinationIP": "10.31.175.220",
      "tcEdgeCost": 1.000000,
      "ansnEdge": 14131,
      "linkQuality": 1.000000,
      "neighborLinkQuality": 1.000000
    },
    {
      "lastHopIP": "10.31.175.221",
      "pathCost": 1.000000,
      "validityTime": 29107,
      "refCount": 6,
      "msgSeq": 42962,
      "msgHops": 0,
      "hops": 1,
      "ansn": 14131,
      "tcIgnored": 0,
      "errSeq": 0,
      "errSeqValid": false,
      "destinationIP": "10.31.175.222",
      "tcEdgeCost": 1.000000,
      "ansnEdge": 14131,
      "linkQuality": 1.000000,
      "neighborLinkQuality": 1.000000
    },
    {
      "lastHopIP": "10.31.175.222",
      "pathCost": 1.000000,
      "validityTime": 28477,
      "refCount": 6,
      "msgSeq": 1832,
      "msgHops": 0,
      "hops": 1,
      "ansn": 15848,
      "tcIgnored": 0,
      "errSeq": 0,
      "errSeqValid": false,
      "destinationIP": "10.31.175.220",
      "tcEdgeCost": 1.000000,
      "ansnEdge": 15848,
      "linkQuality": 0.894000,
      "neighborLinkQuality": 1.000000
    },
    {
      "lastHopIP": "10.31.175.222",
      "pathCost": 1.000000,
      "validityTime": 28477,
      "refCount": 6,
      "msgSeq": 1832,
      "msgHops": 0,
      "hops": 1,
      "ansn": 15848,
      "tcIgnored": 0,
      "errSeq": 0,
      "errSeqValid": false,
      "destinationIP": "10.31.175.221",
      "tcEdgeCost": 1.000000,
      "ansnEdge": 15848,
      "linkQuality": 1.000000,
      "neighborLinkQuality": 1.000000
    }
  ]
}